{"app":["/app-981f1b9b802a131cae93.js"],"component---src-pages-404-tsx":["/component---src-pages-404-tsx-8f3e7f741d923cd481d4.js"],"component---src-pages-faq-tsx":["/component---src-pages-faq-tsx-37388995e9d78fb03d5b.js"],"component---src-pages-index-tsx":["/component---src-pages-index-tsx-023350e6757cde0746fe.js"],"component---src-pages-using-typescript-tsx":["/component---src-pages-using-typescript-tsx-8aa22392fea86e3f2820.js"],"component---src-pages-who-are-we-tsx":["/component---src-pages-who-are-we-tsx-3a295420a1694066f353.js"],"component---src-pages-why-a-mask-tsx":["/component---src-pages-why-a-mask-tsx-645933b5f417e1a3eaae.js"],"component---src-pages-write-to-council-tsx":["/component---src-pages-write-to-council-tsx-0935e2e81c5dad323daa.js"],"component---src-templates-test-template-tsx":["/component---src-templates-test-template-tsx-80783e5e6e9bc9b6cb5b.js"]}