{"errors":[],"warnings":[],"namedChunkGroups":{"app":{"chunks":[12,11,2],"assets":["webpack-runtime-7c796487355d15e456b0.js","webpack-runtime-7c796487355d15e456b0.js.map","framework-f600a0dcdbbe2ab3be17.js","framework-f600a0dcdbbe2ab3be17.js.map","app-981f1b9b802a131cae93.js","app-981f1b9b802a131cae93.js.map"],"children":{},"childAssets":{}},"component---src-pages-404-tsx":{"chunks":[1,0,3],"assets":["styles.d5ef0abb16ee382cea7f.css","styles-c2fe8482057191dca484.js","styles-c2fe8482057191dca484.js.map","1f84c2241526c4929d0809bb070132b923c47d31-4d28e375b853474c10fb.js","1f84c2241526c4929d0809bb070132b923c47d31-4d28e375b853474c10fb.js.map","component---src-pages-404-tsx-8f3e7f741d923cd481d4.js","component---src-pages-404-tsx-8f3e7f741d923cd481d4.js.map"],"children":{},"childAssets":{}},"component---src-pages-faq-tsx":{"chunks":[1,0,4],"assets":["styles.d5ef0abb16ee382cea7f.css","styles-c2fe8482057191dca484.js","styles-c2fe8482057191dca484.js.map","1f84c2241526c4929d0809bb070132b923c47d31-4d28e375b853474c10fb.js","1f84c2241526c4929d0809bb070132b923c47d31-4d28e375b853474c10fb.js.map","component---src-pages-faq-tsx-37388995e9d78fb03d5b.js","component---src-pages-faq-tsx-37388995e9d78fb03d5b.js.map"],"children":{},"childAssets":{}},"component---src-pages-index-tsx":{"chunks":[1,0,5],"assets":["styles.d5ef0abb16ee382cea7f.css","styles-c2fe8482057191dca484.js","styles-c2fe8482057191dca484.js.map","1f84c2241526c4929d0809bb070132b923c47d31-4d28e375b853474c10fb.js","1f84c2241526c4929d0809bb070132b923c47d31-4d28e375b853474c10fb.js.map","component---src-pages-index-tsx-023350e6757cde0746fe.js","component---src-pages-index-tsx-023350e6757cde0746fe.js.map"],"children":{},"childAssets":{}},"component---src-pages-using-typescript-tsx":{"chunks":[1,0,6],"assets":["styles.d5ef0abb16ee382cea7f.css","styles-c2fe8482057191dca484.js","styles-c2fe8482057191dca484.js.map","1f84c2241526c4929d0809bb070132b923c47d31-4d28e375b853474c10fb.js","1f84c2241526c4929d0809bb070132b923c47d31-4d28e375b853474c10fb.js.map","component---src-pages-using-typescript-tsx-8aa22392fea86e3f2820.js","component---src-pages-using-typescript-tsx-8aa22392fea86e3f2820.js.map"],"children":{},"childAssets":{}},"component---src-pages-who-are-we-tsx":{"chunks":[1,0,7],"assets":["styles.d5ef0abb16ee382cea7f.css","styles-c2fe8482057191dca484.js","styles-c2fe8482057191dca484.js.map","1f84c2241526c4929d0809bb070132b923c47d31-4d28e375b853474c10fb.js","1f84c2241526c4929d0809bb070132b923c47d31-4d28e375b853474c10fb.js.map","component---src-pages-who-are-we-tsx-3a295420a1694066f353.js","component---src-pages-who-are-we-tsx-3a295420a1694066f353.js.map"],"children":{},"childAssets":{}},"component---src-pages-why-a-mask-tsx":{"chunks":[1,0,8],"assets":["styles.d5ef0abb16ee382cea7f.css","styles-c2fe8482057191dca484.js","styles-c2fe8482057191dca484.js.map","1f84c2241526c4929d0809bb070132b923c47d31-4d28e375b853474c10fb.js","1f84c2241526c4929d0809bb070132b923c47d31-4d28e375b853474c10fb.js.map","component---src-pages-why-a-mask-tsx-645933b5f417e1a3eaae.js","component---src-pages-why-a-mask-tsx-645933b5f417e1a3eaae.js.map"],"children":{},"childAssets":{}},"component---src-pages-write-to-council-tsx":{"chunks":[1,0,9],"assets":["styles.d5ef0abb16ee382cea7f.css","styles-c2fe8482057191dca484.js","styles-c2fe8482057191dca484.js.map","1f84c2241526c4929d0809bb070132b923c47d31-4d28e375b853474c10fb.js","1f84c2241526c4929d0809bb070132b923c47d31-4d28e375b853474c10fb.js.map","component---src-pages-write-to-council-tsx-0935e2e81c5dad323daa.js","component---src-pages-write-to-council-tsx-0935e2e81c5dad323daa.js.map"],"children":{},"childAssets":{}},"component---src-templates-test-template-tsx":{"chunks":[10],"assets":["component---src-templates-test-template-tsx-80783e5e6e9bc9b6cb5b.js","component---src-templates-test-template-tsx-80783e5e6e9bc9b6cb5b.js.map"],"children":{},"childAssets":{}}},"assetsByChunkName":{"app":["webpack-runtime-7c796487355d15e456b0.js","framework-f600a0dcdbbe2ab3be17.js","app-981f1b9b802a131cae93.js"],"component---src-pages-404-tsx":["styles.d5ef0abb16ee382cea7f.css","styles-c2fe8482057191dca484.js","1f84c2241526c4929d0809bb070132b923c47d31-4d28e375b853474c10fb.js","component---src-pages-404-tsx-8f3e7f741d923cd481d4.js"],"component---src-pages-faq-tsx":["styles.d5ef0abb16ee382cea7f.css","styles-c2fe8482057191dca484.js","1f84c2241526c4929d0809bb070132b923c47d31-4d28e375b853474c10fb.js","component---src-pages-faq-tsx-37388995e9d78fb03d5b.js"],"component---src-pages-index-tsx":["styles.d5ef0abb16ee382cea7f.css","styles-c2fe8482057191dca484.js","1f84c2241526c4929d0809bb070132b923c47d31-4d28e375b853474c10fb.js","component---src-pages-index-tsx-023350e6757cde0746fe.js"],"component---src-pages-using-typescript-tsx":["styles.d5ef0abb16ee382cea7f.css","styles-c2fe8482057191dca484.js","1f84c2241526c4929d0809bb070132b923c47d31-4d28e375b853474c10fb.js","component---src-pages-using-typescript-tsx-8aa22392fea86e3f2820.js"],"component---src-pages-who-are-we-tsx":["styles.d5ef0abb16ee382cea7f.css","styles-c2fe8482057191dca484.js","1f84c2241526c4929d0809bb070132b923c47d31-4d28e375b853474c10fb.js","component---src-pages-who-are-we-tsx-3a295420a1694066f353.js"],"component---src-pages-why-a-mask-tsx":["styles.d5ef0abb16ee382cea7f.css","styles-c2fe8482057191dca484.js","1f84c2241526c4929d0809bb070132b923c47d31-4d28e375b853474c10fb.js","component---src-pages-why-a-mask-tsx-645933b5f417e1a3eaae.js"],"component---src-pages-write-to-council-tsx":["styles.d5ef0abb16ee382cea7f.css","styles-c2fe8482057191dca484.js","1f84c2241526c4929d0809bb070132b923c47d31-4d28e375b853474c10fb.js","component---src-pages-write-to-council-tsx-0935e2e81c5dad323daa.js"],"component---src-templates-test-template-tsx":["component---src-templates-test-template-tsx-80783e5e6e9bc9b6cb5b.js"]}}